{
  "type": "PAGE",
  "componentName": "AppPage",
  "properties": [],
  "actions": [],
  "analytics": [
      {
          "event": "PAGE_LOAD"
      }
  ],
  "children": [
      {
          "type": "SECTION",
          "componentName": "MobileHeader",
          "properties": [],
          "actions": [],
          "analytics": [],
          "children": [
              {
                  "type": "COMPONENT",
                  "componentName": "BtnBack",
                  "properties": [
                      {
                          "value": "<",
                          "key": "iconName"
                      },
                      {
                          "value": "voltar",
                          "key": "alt"
                      }
                  ],
                  "actions": [
                      {
                          "functionName": "closeWebview",
                          "event": "ON_CLICK",
                          "parameters": [
                              {
                                  "value": "10",
                                  "key": "variavel"
                              }
                          ]
                      }
                  ],
                  "analytics": [],
                  "children": []
              },
              {
                  "type": "COMPONENT",
                  "componentName": "TitleH1",
                  "properties": [
                      {
                          "value": "indicar amigos",
                          "key": "text"
                      }
                  ],
                  "actions": [],
                  "analytics": [],
                  "children": []
              }
          ]
      },
      {
          "type": "SECTION",
          "componentName": "MainContent",
          "properties": [],
          "actions": [],
          "analytics": [],
          "children": [
              {
                  "type": "COMPONENT",
                  "componentName": "TitleH2Parsed",
                  "properties": [
                      {
                          "value": "Você ainda tem amigos que pagam <strong>anuidade do cartão?</strong>",
                          "key": "text"
                      }
                  ],
                  "actions": [],
                  "analytics": [],
                  "children": []
              },
              {
                  "type": "COMPONENT",
                  "componentName": "SimpleTextParsed",
                  "properties": [
                      {
                          "value": "Indique o Credicard, o cartão sem anuidade e com muitos benefícios. <strong>Compartilhe!</strong>",
                          "key": "text"
                      }
                  ],
                  "actions": [],
                  "analytics": [],
                  "children": []
              }
          ]
      },
      {
          "type": "SECTION",
          "componentName": "ButtonListContent",
          "properties": [],
          "actions": [],
          "analytics": [],
          "children": [
              {
                  "type": "COMPONENT",
                  "componentName": "ActionButton",
                  "properties": [
                      {
                          "value": "WhatsApp",
                          "key": "text"
                      }
                  ],
                  "actions": [
                      {
                          "functionName": "shareLink",
                          "event": "ON_CLICK",
                          "parameters": [
                              {
                                  "value": "10",
                                  "key": "variavel"
                              }
                          ]
                      }
                  ],
                  "analytics": [
                      {
                          "event": "CUSTOM_LINK"
                      }
                  ],
                  "children": []
              },
              {
                  "type": "COMPONENT",
                  "componentName": "ActionButton",
                  "properties": [
                      {
                          "value": "outros apps",
                          "key": "text"
                      }
                  ],
                  "actions": [
                      {
                          "functionName": "shareLink",
                          "event": "ON_CLICK",
                          "parameters": [
                              {
                                  "value": "10",
                                  "key": "variavel"
                              }
                          ]
                      }
                  ],
                  "analytics": [
                      {
                          "event": "CUSTOM_LINK"
                      }
                  ],
                  "children": []
              }
          ]
      }
  ]
}